,question,category,answer,choices/0,choices/1,choices/2,choices/3
0,In what fictional city is the TV show Futurama set?,video-games,New New York,New Chicago,New New York,New San Francisco,None of these
1,What is the lowest ranking species in the Covenant hierarchy in the Halo series?,video-games,Grunt,Drone,Brute,Elite,Grunt
2,Who controls the Flood in the Halo series?,video-games,Gravemind,Gravemind,The Prophet of Truth,The Arbiter,No one
3,What is a SPARTAN in the Halo series?,video-games,All of these,A Genetically modified super soldier,A higher ranking soldier than a ODST,Troopers that went through military training at the age of five,All of these
4,What species is the Didact in the Halo series?,video-games,Forerunner,Forerunner,Precursor,Promethean,Yamne
6,Which of the following does the UNSC use to transport troops in the halo series?,video-games,Pelicans,Falcons,Hornets,Phantoms,Pelicans
7,What does UNSC stand for in the Halo series?,video-games,United Nations Space Command,None of the above,United Nations Space Council,United Nations Space Command,Unified Nations Supreme Court
8,What is the largest UNSC ship in the Halo series?,video-games,UNSC Infinity,UNSC In Amber Clad,UNSC Infinity,UNSC Spirit of Fire,UNSC Pillar of Autumn
9,What city does Halo 3 ODST take place in?,video-games,New Mombasa,Voi,New Mombasa,Toronto,New York
10,What is the largest species of the Covenant in the Halo series?,video-games,Hunter,Brute,Hunter,Jackal,Elite
11,Who made the fictional Mother Brain and for what purpose?,video-games,The Chozo built her to be a organic Supercomputer.,The Galactic Federation built her as a next generation Aurora Unit.,It is unknown who made her but she was made to control Zebes.,The Space Pirates built her to be one of their generals.,The Chozo built her to be a organic Supercomputer.
12,How did the Alimbics become extinct in the Metroid series?,video-games,The entire species used up their life energy to imprison Gorea.,They discovered Phazon and developed Phazon Madness causing them to wipe each other out.,Gorea wiped them out.,The entire species used up their life energy to imprison Gorea.,The Metroids wiped them out.
13,What creature passes on the X Parasite to Samus in the Metroid series?,video-games,Hornoad,Metroid,Space Pirate,Kihunter,Hornoad
14,Who is the Deleter in the Metroid series?,video-games,James Pierce,Lyle Smithsonian,Adam Malkovich,K.G Misawa,James Pierce
16,What do Steamlords keep as pets in the Metroid series of games?,video-games,Vaporwing,Steambot,Warp Hound,Steamspider,Vaporwing
17,An ancient Chozo prophecy predicts the coming of Phazon and the Metroid Prime. In this prophecy the Metroid Prime is referred to as which of the following?,video-games,Worm,Worm,Beast,Destroyer,Consumer
19,What planet are Kihunters from in the Metroid games?,video-games,Unknown,Space Pirate Homeworld,Unknown,SR388,Zebes
20,What planet is Samus from  in the Metorid games?,video-games,K-2L,It is unknown,K-2L,Norion,Zebes
21,What is the name of the enemy faction in the first N.O.V.A?,video-games,Xenos,Xenos,Volterites,Judgers,The Dominion
23,On which planet does the first two missions in N.O.V.A 2 take place?,video-games,Aquarius,Sagittarius,Earth,New Ceres,Aquarius
24,Who helps Kal Wardin find the Judger artifact aboard Therrius in N.O.V.A?,video-games,MazRah,Prometheus,Yelena,MazRah,Rufus
26,Who is the leader of the Volterites in N.O.V.A?,video-games,The Overseer,MazRah,None of the above,Prometheus,The Overseer
27,Which Xeno is capable of teleporting in N.O.V.A?,video-games,Heavy Demon,Heavy Demon,Red Demon,Imp,Fiend
30,What is the name of the damsel you have to save in the classic arcade game Donkey Kong?,video-games,Pauline,Peach,Daisy,Pauline,Dixie Kong
31,"Which of these was a name that game character, Mario, was once called?",video-games,Jumpman,Koopa,Plumberio,Jumpman,Luigi
32,"Who or what turned Warios treasure into monsters in the game, Wario World?",video-games,The black jewel,Kemmy Koopa,Lemmy Koopa,The black jewel,Bowser
33,"In the Mario games, what animal is a paratroopa?",video-games,A turtle,A bird,A lizard,A turtle,A tiger
34,"When first created, Mario game character, Birdo, was what?",video-games,A boy,A dog,A boy,A girl,A bird
36,"In the Mario video games, Bowser is the king of what?",video-games,Koopas,Bowsers,The Jungle,Mushroom Kingdom,Koopas
37,Who is the last boss in video game Paper Mario 2?,video-games,Shadow Queen,Gloom Tail,Bowser,Shadow Queen,Cackletta
38,"Which movie is this Warcraft 3 quote from?
Bandit: -What we have here is a failure to communicate.",video-games,Cool Hand Luke,For a Fistful of Dollars,Dirty Sanchez,Cool Hand Luke,Metal Man
39,Where does the popular video game character Mario live?,video-games,The Mushroom Kingdom,The Koopa Kingdom,The Kingdom of Sarasaland,The Mushroom Kingdom,Yoshi Island
40,What is Marios nationality according to Nintendo video games?,video-games,Italian,Italian,American,Mexican,British
42,What was the first video game in which Mario appeared?,video-games,Donkey Kong,Mario,The Mario Bros.,Super Mario,Donkey Kong
43,Why does Mario wear a red cap in the Mario series of games?,video-games,The creators didnt have the technology to animate his hair.,The creators didnt have the technology to animate his hair.,He is bald.,He cant make his hair neat.,He likes his cap.
45,What does the Fire Flower do to Mario in the Mario video games?,video-games,Allows him to throw fire balls.,Allows him to breath fire.,Nothing,It makes him angry.,Allows him to throw fire balls.
46,What effect does the Super Mushroom have on Mario in the popular series of video games?,video-games,It makes him bigger.,It makes him bigger.,None,It makes him impervious to danger.,It makes him smaller.
48,What is Marios occupation in the Mario series of games?,video-games,plumber,engineer,doctor,plumber,electrician
49,What is the name of the land where most of the Legend of Zelda games take place?,video-games,Hyrule,Hylia,Hyrule,Sacred Realm,Termania
50,Which monster made its first appearance in the game The Legend of Zelda: Majoras Mask?,video-games,Chu-Chu,Chu-Chu,Armos,Keese,Octorok
51,Which one of the Legend of Zelda games does not feature the same Link as the others?,video-games,Wind Waker,Ocarina of Time,Links Awakening,Wind Waker,Majoras Mask
52,Which of the following is not an item that Link uses in the Legend of Zelda series of games?,video-games,A spear used for immobilizing enemies,A magical leaf used for flying,A spear used for immobilizing enemies,A jar that can suck stuff into it and shoot out gusts of wind,A candle for shooting fire at enemies
53,In the Legend of Zelda series of games Link has not worn a tunic in what colour?,video-games,yellow,yellow,blue,red,green
54,Which games were included in the 2003 Legend of Zelda Collectors edition that became available on the Nintendo GameCube?,video-games,"The Legend of Zelda, The Adventure of Link, Ocarina of Time, Majoras Mask","The Legenda of Zelda, The Adventure of Link, A Link to the Past, Ocarina of TIme","Orcale of Seasons, Orcale of Ages, Links Awakening, and Minish Cap","The Legend of Zelda, The Adventure of Link, Ocarina of Time, Majoras Mask","A Link to the Past, Majoras Mask, Ocarina of Time, Wind Waker"
55,"Which Final Fantasy 3 character is known for blitzes such as Bum Rush, Pummel, and Suplex?",video-games,Sabin,Edgar,Setzer,Locke,Sabin
56,What character from the Final Fantasy series used a weapon called the Buster Sword?,video-games,Cloud Strife,Sephiroth,Squall Leonhart,Cloud Strife,Seifer Almasy
57,What was the name of the summoned creatures that aided the characters in the Final Fantasy 8 game?,video-games,Guardian Forces,Materia,Summonings,Espers,Guardian Forces
58,Which character was the main villain in the American Final Fantasy 3 game?,video-games,Kefka,Sin,Kefka,Garland,Sephiroth
59,Which Final Fantasy game was released in North America on 7 September 1999?,video-games,Final Fantasy 8,Final Fantasy 10,Final Fantasy 9,Final Fantasy 8,Final Fantasy 7
60,Which one of these Final Fantasy characters didnt own an airship?,video-games,Rinoa Heartilly,Setzer Gabbiani,Daryl,Rinoa Heartilly,Cid Highwind
61,What year was the first Final Fantasy game released in Japan?,video-games,1987,1989,1988,1990,1987
62,"This character, who has appeared in nearly every Final Fantasy game, usually provides transportation to the main characters.",video-games,Cid,Edgar,Cid,Sabin,Squall
63,In this Final Fantasy spin-off every new recruit starts out as a Squire or a Chemist.,video-games,Final Fantasy Tactics,Final Fantasy Mystic Quest,Final Fantasy Tactics Advance,Kingdom Hearts,Final Fantasy Tactics
64,Final Fantasy X featured which mini-game?,video-games,Blitzball,Snowboarding,Blitzball,Triple Triad,Tetra Master
65,"Which video game is the following quote from?
Ive got muscles in places youve never even heard of.",video-games,Escape from Monkey Island,Escape from Monkey Island,Simon the Sorcerer 3D,Grim Fandango,Monkey Island 2: LeChucks Revenge
66,"Which video game are the following quotes from?

A: Come on, comrades! Up to the rooftop! Go!
B: Get that flag up! Berlin is ours!",video-games,Call of Duty,Medal of Honor,Call of Duty,Hidden and Dangerous 2,Battlefield 1942
67,What is the cheat for getting 50 000 simoleans in the computer game The Sims 2?,video-games,motherlode,kaching,all of these,motherlode,simoleons_$$$
68,What are the expansion packs available for The Sims 2 game?,video-games,"University, Night Life, Family Fun, Open for Business","Odd Jobs, Pets",All of these,"University, Night Life, Family Fun, Open for Business","Makin Magic, Holiday, Party"
70,"On the cover of the Sims 2 University expansion pack there is a picture of two Sims, one male and one female. What is the male Sim wearing?",video-games,toga,hippie outfit,toga,mascot costume,football equipment
75,"What is the name of the robot in The Sims 2, that fetches take-away food?",video-games,MunchieBot,HungryBot,MunchieBot,Bot,FoodBot
77,Which is not an actual die?,video-games,d18,d10,d100,d4,d18
78,This class has the ability to smite evil.,video-games,Paladin,Rogue,Paladin,Ranger,Sorcerer
79,"This race doesnt sleep, they meditate instead.",video-games,Elf,Dwarf,Elf,Human,Changeling
80,Which of these is not a feat?,video-games,Knowledge Arcana,Quick Draw,Knowledge Arcana,Forge Ring,Toughness
82,Which item costs the most according to the Players Handbook?,video-games,Full Plate Mail,Whetstone,Two-Bladed Sword,Full Plate Mail,Heavy Repeating Crossbow
83,"How far can a medium sized, unencumbered creature walk in one round?",video-games,30 feet,20 feet,50 feet,30 feet,10 feet
84,Which class casts arcane magic innately?,video-games,Sorcerer,Ranger,Cleric,Wizard,Sorcerer
85,This 9th level wizard spell is sought after by many characters as a reward.  Many wizards also strive to learn this spell.,video-games,Wish,Power Word Kill,Wish,Imprisonment,Gate
86,This class must choose 2 weapon fighting or archery as their weapon style at 2nd level.,video-games,Ranger,Bard,Cleric,Ranger,Fighter
87,Where is the first warp whistle located in the game Super Mario 3?,video-games,world 1-3,world 1-3,world 1 fortress,world 2-5,world 1-4
88,"In Mario Kart: Double Dash, what is the last thing you unlock by getting gold in the all cup tour in mirror mode?",video-games,Parade car,Parade car,Bullet car,Super Mario car,Ganondorf car
89,Which of the following characters can bounce off walls in the game Super Smash Brothers Melee?,video-games,Young Link,Luigi,Ness,Yoshi,Young Link
90,"In the game Luigis Mansion, which of these in not one of Marios lost items?",video-games,Marios belt,Marios shoe,Marios hat,Marios belt,Marios star
91,Who is the boss at the end of world 5 in the game Super Mario 2?,video-games,Clawgrip,Birdo,Tryclide,Bowser,Clawgrip
92,"In the game Super Mario 1, which level in world 7 is a water level?",video-games,7-2,7-1,7-2,7-4,7-3
93,"In Super Mario World, you start the game on which island?",video-games,Yoshis Island,Toads Island,Yoshis Island,Peachs Island,Bowsers Island
94,Which of these is not a playable character in the video game Mario Party 4?,video-games,Toad,Peach,Donkey Kong,Mario,Toad
95,"In the game Super Mario Sunshine, where is Bowser when you fight him at the end?",video-games,in a hot tub,in his castle,in a volcano,in a hot tub,in the windmill with Petey Piranha
96,What does Mario use for his power shot in the game Mario Power Tennis?,video-games,a hammer,a fiery racket,a hammer,a star,a fire fist
97,What is the God Pokemon called in Pokemon Pearl and Diamond?,video-games,Arceus,Giratina,Dialga,Cresselia,Arceus
98,The Pokemon creature Snorunt can evolve in which of the following?,video-games,Glalie  Froslass,Glalie  Snolie,Glalie  Froslass,Glalie  Galrunt,Glalie  Probopass
99,In what Pokemon version can Palkia be obtained?,video-games,Pearl,Pearl,Blue,Diamond,Red
100,What was the first ever ghost Pokemon to appear in a Pokemon episiode?,video-games,Gengar,Misdreavus,Gengar,Ghastly,Haunter
101,What Pokemon abducted Professor Spencer Haled in the movie Pokemon 3?,video-games,Unknown,Aipom,Gengar,Unknown,Entei
102,How many heroes are alive at the end of Startcraft: Brood War?,video-games,"6 - Artanis, Arcturus Mengsk, Jim Raynor, Zeratul, Samir Duran, Sarah Kerrigan","6 - Artanis, Arcturus Mengsk, Jim Raynor, Zeratul, Samir Duran, Sarah Kerrigan","7 - Aratnis, Arcturus Mengsk, Aldaris, Samir Duran, Sarah Kerrigan, Fenix, Zeratul","5 - Fenix, Arcturus Mengsk, Edmund Duke, Samir Duran, Sarah Kerrigan","7 - Aratnis, Arcturus Mengsk, Aldaris, Samir Duran, Sarah Kerrigan, Fenix, Jim Raynor"
103,Edmund Duke leads which group of elite fighters?,video-games,Alpha Squadron,Alpha Squadron,Beta Squadron,Delta Squadron,Omega Squadron
104,What type of unit is Zeratul?,video-games,Dark Templar,Dark Archon,High Templar,Dark Templar,Zealot
105,What are characteristics of the Archon unit?,video-games,10 hit points and 350 plasma shield,10 hit points and 250 plasma shield,20 hit points and 250 plasma shield,10 hit points and 350 plasma shield,20 hit points and 300 plasma shield
106,What unit says that in the game?,video-games,Dark Templar,Zealot,Scout,Dark Templar,Zealot
107,What is Alexei Stukovs rank?,video-games,Vice Admiral,General,Admiral,Vice Admiral,Corporal
109,Who leads the UED (United Earth Directorate forces)?,video-games,Gerard DuGalle,Samir Duran,Gerard DuGalle,Jim Raynor,Alexei Stukov
110,Who is Kerrigan talking to?,video-games,Fenix,Zeratul,Edmund Duke,Fenix,Artanis
111,"What is the name of the Italian plumber, thats also the mascot of Nintendo?",video-games,Mario,Luigi,Donkey Kong,Sonic,Mario
112,What does KOTOR stand for?,video-games,Knights of the Old Republic,Kings Of The Old Realm,Know One Tells Our Ruses,Kin Of Time Or Rain,Knights of the Old Republic
114,Which Age of Empires game expansion pack allows you to play as Native Americans?,video-games,The War Chiefs,The War Chiefs,The Tribal Warriors,The Lakota Warriors,Asian Dynasty
115,What is the name of Donkey Kongs tiny sidekick?,video-games,Diddy Kong,Tiny Kong,Donkey Kong Jr.,Diddy Kong,Mini Donkey Kong
116,Which GTA game features Tommy Vercetti?,video-games,Vice City,Grand Theft Auto III,San Andreas,"GTA 9,000",Vice City
117,Which game is Luis Sera featured in?,video-games,Resident Evil 4,Burnout Revenge,Dead Rising,Resident Evil 4,Midnight Mayhem
118,Which of these games is not based on a comic book?,video-games,Kingdom Hearts,The Darkness,Ghost Rider,Kingdom Hearts,X-Men The Game
119,Which of these songs is not in Guitar Hero 2?,video-games,We Will Rock You,Carry on My Wayward Son,Strutter,War Pigs,We Will Rock You
120,"In 2007, this game was named by IGN the 3rd best GameCube game of all time.",video-games,Super Smash Bros Melee,Pikmin,Super Smash Bros Melee,Resident Evil 4,Nicktoons Unite
121,"In the Legend of Zelda: Twilight Princess, what is the name of the first sword you get?",video-games,Wooden sword,Ordon sword,Four sword,Wooden sword,Master sword
122,"In The Legend of Zelda: Majoras Mask, how many days do you have until the moon crashes down on Temina?",video-games,three,one,nine,three,six
124,What is the name of the owner of lon-lon ranch in the Zelda series of games?,video-games,Talon,Zelda,Ingo,Minda,Talon
126,"In the Zelda series of games, what is the name of the tribe Gannondorf comes from?",video-games,Gerudo,Zora,Gerudo,Goron,Hylian
127,"Link, one of the main characters in the Zelda series of games, is a member of what race?",video-games,Hylians,Hylians,Kokiri,Zora,Goron
128,What is Links fathers name according to the Zelda series of games?,video-games,It has never been revealed.,It has never been revealed.,Gerald,Sam,Lance
129,In which Zelda game does Link turn into a bunny when he goes into the dark world without a pearl?,video-games,Link to the Past,Twilight Princess,Link to the Past,Ocarina of Time,Links Awakening
130,Which computer game is this soundtrack from?,video-games,Double Dragon,Double Dragon,Final Fight,Punisher,Street Fighter
131,What island do you start on in the online role-playing game RuneScape?,video-games,Tutorial Island,Beginners Island,Noobonia Island,Startagonia Island,Tutorial Island
132,What icon is used to start a low detail RuneScape game?,video-games,A warrior,A skeleton,An imp,A warrior,A barbarian
133,What is the name of the sword used to defeat the demon in the demon slayer quest of the online role-playing game RuneScape?,video-games,Silverlight,Brightheart,Demonbane,The Shining Light,Silverlight
134,"In the online role-playing game RuneScape, what kind of fruit is grown in Karajama?",video-games,Bananas,Apples,Bananas,Oranges,Pineapples
136,What is the highest weapon type available to nonmembers in the online role-playing game RuneScape?,video-games,Rune,Dragon,Granite,Rune,Adamantite
137,What is the name of the fantasy realm in which the RuneScape game is set?,video-games,Gielinor,None of these,Modor,Gomor,Gielinor
138,What does Traiborn call you in the online role-playing game RuneScape?,video-games,Thingummywut,Bungdungydingdong,Hugmugabugger,Thingummywut,Trindindlekindy
139,The action in the survival horror game Resident Evil 4 takes place in what country?,video-games,Spain,Germany,Spain,France,USA
140,Which of the guns listed is available before you beat the Resident Evil 4 game?,video-games,Killer7,Chicago typewriter,Killer7,Handcannon,Infinite Launcher
141,What is the merchants real name in the video game Resident Evil 4?,video-games,It is not mentioned,Jeremy,Krauser,It is not mentioned,Robert
142,"This creature from the game Resident Evil 4 was created by splicing genes from reptiles, insects and a human into one organism.",video-games,U3,None of the above,Verdugo,Garrador,U3
144,"Not including the rocket launcher, what is the second most powerful weapon in Resident Evil 4, according to its damage per shot?",video-games,Broken butterfly,Semi-auto rifle,Chicago typewriter,Killer7,Broken butterfly
145,Whose final speech ends in We shall win through no matter the cost!,video-games,Arcturus Mengsk,Alexei Stukov,Edmund Duke,Jim Raynor,Arcturus Mengsk
146,Who kills the Matriarch?,video-games,Zeratul,Zeratul,Sarah Kerrigan,Aldaris,Samir Duran
147,The words Doom to all who threaten the homeworld belong to which unit?,video-games,Zealot,Zealot,Dark Templar,Archon,Dark Archon
148,What were the words of Sarah Kerrigan to Jim Raynor when they first met?,video-games,You pig!,You pig!,"Hello, Jimmy","Hello, sheriff","Hello, marshal"
149,How many hit points does the Arclite Siege Tank have?,video-games,150,140,160,150,120
150,Listen to the dialogue and determine what name is missing at the end,video-games,Alexei,Raynor,Alexei,Gerard,Kerrigan
151,"What hero do these words belong to: I fear no death, I fear no enemy, our
strength is eternal",video-games,Fenix,Artanis,Zeratul,Fenix,Tessadar
152,What is the official version for the death of Alexei Stukov?,video-games,He dies during the final assault on planet Char,He commits suicide after his fleet is destroyed,"He is killed by Samir Duran, because he was a traitor",His spaceship is blown up by Prottos forces,He dies during the final assault on planet Char
153,"Which unit says You called down the Thunder, now reap the Whirlwind.",video-games,Ghost,Ghost,Medic,Marine,Firebat
154,This sound clip is from what classic Nintendo game?,video-games,Super Mario Bros,Star Fox,Donkey Kong,Super Mario Bros,The Legend of Zelda
155,This sound clip is from what NES game featuring a creature that could eat anything?,video-games,Kirbys Adventure,Metroid,Legend of Zelda,Super Mario Bros.,Kirbys Adventure
156,This is the theme to what Xbox video game?,video-games,Halo,Final Fantasy,Eldar Scrolls IV: Oblivion,Rainbow 6,Halo
157,This is the overworld theme to this NES game that introduced the save function because the game took so long to complete.,video-games,Legend of Zelda,Metroid,Donkey Kong,Legend of Zelda,Super Mario Bros.
158,This is the victory theme to what popular video game series?,video-games,Final Fantasy,Mortal Combat,Legend of Zelda,Final Fantasy,Super Mario
159,From which fighting game is this sound clip?,video-games,Super Smash Bros. Melee,Street Fighter II,Super Smash Bros. Melee,Teken 4,Soul Caliber II
160,This sound clip is from what Game Boy game that spawned an anime TV show and a collectible card game?,video-games,Pokemon,Final Fantasy,Pokemon,Magic the Gathering,Yu-Gi-Oh
161,This sound clip is from what PC RTS game?,video-games,Age of Empires II,Age of Empires II,StarCraft,Command and Conquer,Warcraft III
162,This sound clip is a theme in which of the following Legend of Zelda games?,video-games,The Legend of Zelda: Ocarina of Time,The Legend of Zelda: A Link to the Past,The Legend of Zelda,The Legend of Zelda: The Wind Waker,The Legend of Zelda: Ocarina of Time
163,This sound clip is from what video game series?,video-games,Star Fox,Star Wars: Rouge Squadron,Final Fantasy,Star Fox,Halo
164,Which of these levels is on both Star Wars: Battlefront 1 and 2?,video-games,Kamino,Death Star,Kamino,Bespin,Mustafar
166,What is the default number of points to destroy a ship in a space battle on Star Wars: Battlefront  2?,video-games,180,500,200,10,180
167,Choose the correct order for player points bonuses in Star Wars: Battlefront from least to greatest.,video-games,"Endurance, Guardian, War Hero","Endurance, Guardian, War Hero","Guardian, Endurance, War Hero","War Hero, Guardian, Endurance","Marksman, Demolition, Technician"
169,"On the Star Wars: Battlefront game, which of these is among the non-player characters of the game?",video-games,Jawas,Mace Windu,Heavy weapons soldier,Luke Skywalker,Jawas
170,Who controls the AT-ATs on Hoth in Star Wars: Battlefront?,video-games,Empire,Empire,Rebels,Republic,CIS
171,Warchief Thrall is the leader of which clan?,video-games,Doomhammer,Warsong,Death Spear,Black Rock,Doomhammer
172,What type of creature is the DeathWing?,video-games,Black Dragon,Black Dragon,Red Dragon,Bone Dragon,Green Dragon
173,What unit or hero does the phrase Speak up fool belong to?,video-games,Prince Arthas as Dead Knight,Ghoul,Druid of the Claw,Prince Arthas as Dead Knight,Prince Arthas
174,Who kills Mannoroth?,video-games,Grom Hellscream,Thrall,Prince Arthas,Grom Hellscream,Illidan Stormrage
175,What unit or hero does this phrase belong to?,video-games,Dwarf Rifleman,muradin bronzebeard,Human Footman,Dwarf Rifleman,Throll Hunter
176,Which building makes the Druid of the Claw unit?,video-games,Ancient of  Lore,Ancient of  Lore,Ancient of  Wind,Ancient of Wisdom,Ancient of War
177,Who rides Nightsabre Panthers?,video-games,Huntresses,Wind Druids,Head Hunters,Huntresses,Archers
178,"What unit or hero does the phrase I can see clearly, now the rain has gone belong to?",video-games,Grom Hellscream,Thrall,Shadow Hunter,Grom Hellscream,Thief
180,On what other character is Ash Ketchum loosely based in the Pokemon video games?,video-games,Red,Blue,Yellow,Green,Red
182,What is the first season of Johto called in Pokemon series?,video-games,Johto Journeys,Johto,Johto Quest,Johto Journeys,Master Quest
184,Where can you find the gym leader Blaine in the video games Pokemon Gold and Silver and Pokemon Crystal?,video-games,Seaform Islands,Celadon City,Seaform Islands,Cinnabar Island,Fusia city
185,What is the very first car you drive in the Need for Speed: Most Wanted game?,video-games,BMW M3 GTR,Golf GTI,BMW M3 GTR,Corvette C6,Lamborghini Gallardo
187,"In the racing game Need for Speed: Most Wanted, what are the street names of  Blacklist numbers 1, 4, 7, and 15?",video-games,"Razor, JV, Kaze, Sonny","Razor, JV, Kaze, Sonny","Taz, Big Lou, Baron, Ronnie","Kaze, Big Lou, Bull, Razor","Webster, Vic, Izzy, Bull"
188,How many maximum infractions can you get in a single pursuit in the game Need for Speed: Most Wanted?,video-games,8,10,9,8,7
190,Which of the following refers to the ability to win a Blacklist opponents car in the game Need for Speed: Most Wanted?,video-games,pink slip,pink slip,gold bars,orange tye,thong wrap
191,"In the racing game Need for Speed: Most Wanted, where is is Blacklist number one located?",video-games,Rockport,Johan City,Rockport,Goodwales,Amberhill
192,Who created the theme song of the Super Mario Brothers game?,video-games,Koji Kondo,Nobuo Uematsu,Koji Kondo,Yasunori Mitsuda,Shigeru Miyamoto
194,"The core of this gaming console, released in 1977, was combined with a display and sound chip known as the TIA, for Television Interface Adaptor.  The console was capable of producing 2 channel mono sound.",video-games,Atari 2600,Sega Master System,Intellivision,Atari 2600,Nintendo Entertainment System (NES)
195,"The sound chip of the Commodore 64 home computer, released in 1982, was very advanced for its time.  It had three channels with several different waveforms, which could reach 8 different octaves each (approximately 16 - 4000 Hz).  Name the chip.",video-games,Sound Interface Device,Sound Interface Disk,Sound Interface Component,Sound Interface Device,Sound Interface Chip
196,My rogue in the game Dungeons and Dragons wants to use a wand of Greater Invisibility. In order to do this he must make a Use Magic Device check at what Difficulty Class?,video-games,20,25,30,20,15
197,Which of the listed bonuses in the game Dungeons and Dragons stacks?,video-games,Dodge,Dodge,Enchantment,Armor,Divine
198,Which of these feats does not prevent attacks of opportunity in one form or another in the role-playing game Dungeons and Dragons?,video-games,Flyby Attack,Spring Attack,Flyby Attack,Improved Unarmed Strike,Improved Trip
199,Which Knowledge Skill would allow you to determine the type of Giant you are facing in Dungeons and Dragons?,video-games,Nature,Dungeoneering,Religion,Arcane,Nature
200,"In the game Dungeons and Dragons, a character with 5 ranks in Bluff gains a +2 synergy bonus to all these skills but one. Which is the odd one?",video-games,Gather Information,Diplomacy,Intimidate,Sleight of Hand,Gather Information
201,Which of these is not a correct entrance requirement to join the Assassin Prestige Class in Dungeons and Dragons?,video-games,Disguise 8 ranks,Disguise 8 ranks,Move Silently 8 ranks,Hide 8 ranks,Alignment: Any evil
202,"In the game Dungeons and Dragons, Aamonks Ki Strike ability evolves in what order?",video-games,"Magic, Lawful, Adamantine","Magic, Adamantine, Lawful","Lawful, Magic, Adamantine","Magic, Lawful, Adamantine","Adamantine, Magic, Lawful"
203,"In Dungeons and Dragons, the Tumble Difficulty Class needed to kip up, according the Complete Adventurer book, is what?",video-games,35,30,35,40,25
204,Which class in Dungeons and Dragons does not get evasion?,video-games,Barbarian,Monk,Rogue,Ranger,Barbarian
205,"Of the choices for a Rangers favored enemy in Dungeons and Dragons, which number is immune to sneak attacks?",video-games,5,6,4,3,5
206,How many golden skulltulas could you get as child Link out of the whole game The Legend of Zelda: Ocarina of Time?,video-games,35,35,10,20,30
207,How many heart pieces can you get as adult Link in the game The Legend of Zelda: Ocarina of Time?,video-games,24,5,24,20,10
208,"In the video game The Legend of Zelda: Ocarina of Time, what are the two places where you can get the hylian shield?",video-games,Kakariko Graveyard and Hyrule town market.,lake Hylia and Hyrule castle.,Haunted Wasteland and Zoras domain.,Goron city and Kokiri forest.,Kakariko Graveyard and Hyrule town market.
209,"In The Legend of Zelda: Ocarina of Time, how many items do you get that are improved later in the game?",video-games,four,one,six,three,four
210,"In The Legend of Zelda: Ocarina of Time, how many items do you trade to get the Biggorons sword?",video-games,9,11,7,10,9
212,"How many hidden fairy fountains are there in the game The Legend of Zelda: Ocarina of Time, not counting the great fairies?",video-games,6,3,5,6,2
213,Which of the following is NOT a character class in World of Warcraft?,video-games,Blood-Elf,Warlock,Paladin,Blood-Elf,Druid
214,Which of the following races cannot play a Hunter in World of Warcraft?,video-games,Gnome,Draenei,Gnome,Dwarf,Tauren
218,Which of the following is not a realm type in World of Warcraft?,video-games,RP,PvP,RP,RP-PvP,Normal
219,What is the Iron Maiden song performed in Guitar Hero 3?,video-games,The Number of the Beast,The Metal,Enter Sandman,One,The Number of the Beast
220,"Who sings Slow Ride, one of the songs included in Guitar Hero 3?",video-games,Foghat,Foghat,Metallica,ZZ Top,Sonic Youth
221,What song by Tenacious D appeared in the video game Guitar Hero 3?,video-games,The Metal,Lou,Bulls On Parade,Anarchy in the U.K.,The Metal
223,What is the first place you get a gig at on Guitar Hero 3?,video-games,Backyard Bash,Fenway Park,Backyard Bash,Yankee Stadium,Mitchs Moose Lounge
224,What is the way to evolve the pokemon Tangela to tangrowth in the Diamond and Pearl Pokemon series?,video-games,Level it up after learning ancient power.,Level it up after learning ancient power.,Trade it while holding a growth incense.,Use a leaf stone on it.,Level it up.
225,How do you evolve Rhydon into Rhyperior in the Diamond and Pearl Pokemon series?,video-games,Trade Rhydon up while holding a protector.,Level Rhydon up.,Trade Rhydon up while holding a hard stone.,Trade Rhydon up while holding a protector.,Trade Rhydon.
227,How do you evolve an Electabuzz into an Electrivire in the Diamond and Pearl Pokemon series?,video-games,Trade it while holding a electrizer.,None of these,Trade it while holding a electrizer.,Give it a electrizer.,Train it while holding a electrizer.
228,"In Pokemon Diamond and Pearl, in what way do you evolve a Porygon2 into a Porygon-Z?",video-games,Give it a dubious disc and trade it.,Give it an upgrade and trade it.,Give it a tech disc and trade it.,Level it up.,Give it a dubious disc and trade it.
229,What is the way to evolve a Yanma into a Yanmega in the Diamond and Pearl Pokemon series for Nintendo DS?,video-games,At level 33 let Yanma learn anchient power.,At level 33 let Yanma learn rollout.,At level 33 let Yanma learn silver wind.,None of these,At level 33 let Yanma learn anchient power.
231,In what way can you evolve the pokemon Snorunt into a Frosslass in the Diamond and Pearl Pokemon series for Nintendo DS?,video-games,Use a dawn stone on a female Snorunt.,Use a dawn stone on a male Snorunt.,Use a shiny stone on a male Snorunt.,Use a dawn stone on a female Snorunt.,Use a shiny stone on a females Snorunt.
232,How do you evolve a Dusclops into a Duskinoir in Pokemon Diamond and Pearl?,video-games,Trade a Dusclops that is holding a reapers cloth.,Trade a Dusclops.,Train Dusclops at night.,Trade a Dusclops that is holding a reapers cloth.,None of these
233,At what location does the PS2 role-playing game Final Fantasy X start?,video-games,Zanarkand,Zanarkand,Mt. Gagazet,Besaid,Kilika
234,Which other team member do you meet first in the PS2 game Final Fantasy X?,video-games,Auron,Rikku,Kimhari,Auron,Yuna
235,"In Final Fantasy X, where does Yuna perform her first Sending?",video-games,Kilika,Kilika,Besaid,DjosÃ©,Home
237,Which of these is not a blitzball team from the PS2 game Final Fantasy X?,video-games,Ronso Rovers,Guado Glories,Besiad Aurochs,Ronso Rovers,Luca Goers
238,"In Final Fantasy X, where do you get each of the following aeons respectively: Ifrit, Shiva, Yojimbo, Valefor, Magus Sisters, Ixion?",video-games,"Kilika, Macalania, Calm Lands, Besaid, Requiem, Djose","Djose, Requiem, Besaid, Macalania, Calm Lands, Kilika","Kilika, Macalania, Calm Lands, Besaid, Requiem, Djose","Macalania, Kilika, Calm Lands, Gagazet, Requiem, Djose.","Kilika, Djose, Calm Lands, Requiem, Besiad, Macalania"
239,Where is Maester Seymour the final time you have to fight him in the PS2 role-playing game Final Fantasy X?,video-games,In the Sea of Sorrows inside Sin,On top of Mt. Gagazet,On the Highroad in Bevelle,Outside Besaid,In the Sea of Sorrows inside Sin
240,"According to Final Fantasy X, what does this sentence in the Al Bhed language translate to: Xna ehi ayo degurk e wouj?",video-games,Why are you taking a quiz?,How can you ignore a call?,Did you see Tidus swim?,Why not see snakes a rule!,Why are you taking a quiz?
241,"In Yunas speech at the end of Final Fantasy X, what phrase is an almost direct reference to Tidus?",video-games,The dreams that have faded,The friends who have gone,Stand by your friends,The dreams that have faded,Life is a game of blitzball
242,What does Sarias Song do in Legend of Zelda Ocarina of Time?,video-games,Enables you to talk to Saria,Enables you to fly,Teleports you to the Hyrule Castle,Teleports you anywhere,Enables you to talk to Saria
248,Where can you find the Spiritual Gem of Water in Legend of Zelda and the Ocarina of Time?,video-games,Zoras Domain,Deku Tree,Zoras Domain,Death Moutain,Sky World
249,What game console is the strategy video game Thrillville available on?,video-games,Xbox/PSP/PS2,DS/Gamecube/PS3,Xbox/PSP/PS2,PSP/PS3/PS2,PS3/PS2/DS
252,"In the simulation and strategy Thrillville, what is the best way to increase your attraction meter?",video-games,Play the flirt mini-game,Play the flirt mini-game,Talk with the person,A challenge the person to a mini-game off,Ride rides together
257,Who are the people that save the gang from Tabuu in Super Smash Bros. Brawl?,video-games,"Ness, King Dedede, Luigi, Kirby","Ness, King Dedede, Luigi, Kirby","Mario, Luigi, Pit, Bowser",Nobody saves them.,"R.O.B., Lucario, Snake"
258,How many rooms are there in the Great Maze in Super Smash Bros. Brawl?,video-games,40,There is no great maze.,126,999999,40
259,What character from Super Smash Bros. Brawl was not in Super Smash Bros. Melee?,video-games,Ike,Pikachu,Falco,Link,Ike
260,"Including the Melee Pokemon Stadium, how many stadiums in Super Smash Bros. Brawl are related to Pokemon?",video-games,3,2,6,1,3
261,What is the function of the the Astral Amulet in the computer game Chrono Cross?,video-games,Serves as a key to open  dimension ports to other worlds,Serves as a key to open  dimension ports to other worlds,To see the future,Makes you invisible,Upgrades your weapons
262,"In the computer game Chrono Cross, the water dragon gives you what ability?",video-games,Ice Breath,Ice Breath,Fire attack,Blizzard storm,Water attack
263,Who made the following statement in the game Chrono Cross: I love you so much... That is why I sometimes desire to smash you to bits!!!?,video-games,Fate,Fate,Kid,Lynx,Sarge
264,Which of these songs from the Chrono Cross soundtrack is on the sound clip?,video-games,Radical Dreamers,Garden of the Gods,Radical Dreamers,Frozen Flame,Dream of  the Shore Near Another World
265,"Which Chrono Cross character delivered the following words: In your eyes, I perceive both the look of a beauty  and the look of a beast.?",video-games,Fortune Teller,Harle,Kid,Fortune Teller,Serge
266,Listen to the sound clip and name the song from the Chrono Cross soundtrack.,video-games,Dreamwatch of time,Dreamwatch of time,Radical Dreamers,Time Scar,Dragon Knight
268,What type of Pokemon is Sableye?,video-games,Ghost dark,Ghost,Ghost dark,Ghost psychic,Ghost poison
269,What type of Pokemon is Tyranitar?,video-games,Rock dark,Rock dark,Ground dark,Ground,Ground rock
276,Name the RuneScape character who is the duke of Lumberidge.,video-games,Horacio,Horacio,Haracio,Roald,Royald
279,"In the game RuneScape, wearing Zamorack armour requires this level.",video-games,40,50,40,35,99
280,"At the start of the RPG game Final Fantasy VIII, which characters are shown in the opening movie?",video-games,"Squall, Seifer, Rinoa, Edea","Squall, Seifer, Rinoa, Edea","Squall, Rinoa","Squall, Seifer, Quistis","Zell, Selphie, Squall"
281,What is inside the lamp given to you by Headmaster Cid before your first official SEED mission in the role-playing game Final Fantasy VIII?,video-games,Diablos,Ethers,Ifrit,Potions,Diablos
282,"In Final Fantasy VIII, what is Seifers romantic dream?",video-games,To be Edeas knight,To be Edeas knight,To marry Selphie,To date Rinoa,To go on holiday with Ade
284,What did Squall say to the torturer in D-District Prison about SEED in Final Fantasy VIII?,video-games,They want to plant flowers and then invade the countries.,They want to kill as many Galbadians as possible.,They want to nuke the planet and fly to a sanctuary.,They want to plant flowers and then invade the countries.,They want to master as many GFs as possible.
285,"Which two characters played Rock, Paper, Scissors in the role-playing game Final Fantasy VIII?",video-games,The Brothers,Seifer and Squall,Adel and Edea,The Brothers,Squall and Zell
286,"In the last fight of the role-playing game Final Fantasy VIII, who does Ultimecia summon?",video-games,Griever,None of these,Rinoa,Ultima Weapon,Griever
289,Which of these is not included in the game Animal Crossing?,video-games,A barbers shop.,A tailors shop,A dump,A museum,A barbers shop.
293,What can you have in your house in the game Animal Crossing?,video-games,A basement,Rats,A mailbox,A roller-coaster,A basement
296,"In Runescape, what creature lives in the basement of Draynor Manor?",video-games,a vampire,a vampire,a witch,a werewolf,a zombie
297,What is the highest level your character can go up to in the Runescape game for non-members?,video-games,126,99,126,113,It never ends
299,What fruit grows on Karmaja in the Runescape video game?,video-games,bananas,peaches,oranges,apples,bananas
300,What item do you obtain from the 2006 Runescape Christmas Special?,video-games,a reindeer hat,a pair of Santas magical boots,a reindeer hat,a Santa hat,a polar bear suit
305,"Which of these anime characters can use the technique, known as Rasengan?",video-games,Naruto,Kakashi,Lee,Tenten,Naruto
306,What did anime character Sasuke say when he received the cursed seal?,video-games,Im an avenger.,Ill destroy your whole clan.,Im an avenger.,With this power Ill brake every bone in your body.,You are dead.
308,What is Narutos favorite food?,video-games,ramen,tomatoes,pizza,brocoli,ramen
309,Who taught Sasuke the Chidori technique in the Naruto series?,video-games,Kakashi,Naruto,Itachi,Kakashi,Orochimaru
310,What technique in the Naruto series was created by Kakashi?,video-games,Chidori,Primary lotus,Rasengan,Leaf whirlwind,Chidori
311,What does Naruto dream of being in the self-titled anime series?,video-games,hokage,hokage,real estate salesman,singer,a pizza man
312,What Naruto character was initially infatuated with Sasuke?,video-games,Sakura,Ino,None of these,Sakura,Hinata
313,You get the P90 weapon at what level in Call of Duty 4?,video-games,40,37,43,34,40
314,How many different weapons are there in Call of Duty 4?,video-games,29,30,29,17,22
318,How many skins for the weapons are there in Call of Duty 4?,video-games,6,5,6,3,1
320,Which of these is not a stage in the first game of Banjo and Kazooie for Nintendo 64?,video-games,Cloud Cuckooland,Gobis Valley,Mumbos Mountain,Cloud Cuckooland,Freezeezy Peak
321,"In the adventure video game Banjo-Kazooie, how many turtles are in Tiptups choir?",video-games,6,7,6,5,8
322,"In Gobis Valley from the Banjo-Kazooie adventure video game, how many notes are there in front of the door that you ride the magic carpet to?",video-games,5,3,5,9,7
327,Complete the title of the 2nd quest in Act III of the computer game Diablo II:  Blade of the _____ Religion.,video-games,Old,New,Lost,Old,Found
328,"In the third quest of Act III in Diablo II, how many items must be retrieved?",video-games,4,4,1,5,2
329,"Who must you talk to, in order to activate the Lam Esens Tome quest in the computer game Diablo II?",video-games,Alkor,Asheara,Ormus,Deckard Cain,Alkor
330,"The 5th quest in Act III of Diablo II is activated by Ormus, only if you are able to find this place.",video-games,Travincal,Kurast Bazaar,Durance of Hate,Upper Kurast,Travincal
331,What boss must be fought in the last quest in Act III of the computer game Diablo II?,video-games,Mephisto,Andariel,Diablo,Baal,Mephisto
332,What reward will you receive upon completing the first quest in Act IV of the game Diablo II?,video-games,Two skill points,Free repair,Two skill points,Free potions,Two points in your attributes
333,You must talk to this person in order to activate your 2nd quest in Act IV of the computer game Diablo II.,video-games,Deckard Cain,Tyrael,Halbu,Jamella,Deckard Cain
334,What is the title of the last quest in Act IV of the computer game Diablo II?,video-games,Terrors End,Diablo: Lord of Terror,Revenge,Terrors End,Restoration of Goodness
335,"Which one of these songs is NOT in the final section of Guitar Hero III, Lous Inferno?",video-games,Stricken,Stricken,Raining Blood,One,The Number of the Beast
337,What song is unlocked after beating Tom Morello in a guitar battle in the video game Guitar Hero III?,video-games,Bulls on Parade,Bulls on Parade,She Bangs the Drums,Schools out,Slow Ride
338,"After you beat Guitar Hero III on Expert, you are informed that you can really test your skill by doing this.",video-games,playing Expert in Precision Mode,playing Expert in Precision Mode,playing people online,trying to get 5 stars on every song,battling against a friend
339,On what date was the release of Call of Duty 4: Modern Warfare announced?,video-games,"April 25, 2007","April 25, 2007","March 10, 2007","June 30, 2007","June 22, 2007"
340,How many times can a player trade in their levels at prestige mode in the first-person shooter Call of Duty 4?,video-games,10,11,9,10,12
344,Who do you have to talk in order to receive your first quest after creating a character in the game Diablo II?,video-games,Akara,Kashya,Akara,Warriv,Charsi
345,What is the 2nd quest in the first chapter of the computer game Diablo II?,video-games,Sisters Burial Grounds,The Forgotten Tower,Sisters Burial Grounds,Den of Evil,The Search for Cain
346,Who must be rescued in the third quest of the game Diablo II?,video-games,Deckard Cain,Deckard Cain,Raven,Gheed,Flavie
347,What must be retrieved in the fifth quest of the first act of the computer game Diablo II?,video-games,Horadric Malus,Horadric Headpiece,Horadric Staff,Horadric Cube,Horadric Malus
348,What is the last quest in Chapter I of the computer game Diablo II?,video-games,Sisters to the Slaughter,Sisters to the Slaughter,Fathers to the Slaughter,Brothers to the Slaughter,Mothers to the Slaughter
349,Who must be defeated in the first quest of the second chapter of the computer game Diablo II?,video-games,Radament,Radament,Duriel,Tal Rasha,Summoner
350,"Which item must be formed, to succeed in the second quest of Chapter II of the computer game Diablo II?",video-games,Horadric Staff,Horadric Malus,Horadric Shaft,Horadric Headpiece,Horadric Staff
351,What is your objective of the 4th quest of Chapter II in the game Diablo II?,video-games,to get the Journal,to kill the Summoner,to kill all monsters in the Arcane Sanctuary,to open the portal to the Kurast Docks,to get the Journal
352,Who must be killed in the 5th quest in Chapter II of  Diablo II?,video-games,Summoner,Hell Clan,Summoner,Ghoul Lord,Specter
353,Who must be saved in the last quest in Chapter II (The Seven Tombs) of the computer game Diablo II?,video-games,Tyrael,Tyrael,Ormus,Jamella,Halbu
354,Name Master Chiefs partners in the video game Halo 1.,video-games,Green Horns,Alienators,Alien Hunters,Green Toads,Green Horns
355,Name the aliens with the shields in the game Halo 1.,video-games,Jackals,Hunters,Jackals,Grunts,Elites
357,What is the name of the Halo 1 aliens with plasma cannons?,video-games,Hunters,Hunters,Grunts,Elites,Jackals
358,What are the smallest aliens you face in the video game Halo 1?,video-games,Grunts,Jackals,Hunters,Elites,Grunts
359,These aliens are the protectors of halo in the video game Halo 1.,video-games,Elites,Jackals,Hunters,Elites,Grunts
361,What is the name of Samus enemies common to nearly every Metroid video game,video-games,Space Pirates,Space Pirates,The Federation,The Chozo,X Parasites
362,What is the name of the suit Samus starts out with in almost every Metroid video game?,video-games,Varia Suit,Power Suit,Gravity Suit,Varia Suit,Phazon Suit
363,What word is always attached to the names of the shots that come from Samus arm-mounted gun in the Metroid video game?,video-games,Beam,Beam,Rocket,Gun,Launcher
364,What type of character is Samus from the Metroid video game?,video-games,Human Female,Chozo Male,Human Male,Luminoth Female,Human Female
365,"In the Metroid video game, what is Samus profession?",video-games,Bounty Hunter,Professional Collector,Soldier,Pirate,Bounty Hunter
366,What special abilities are unique to Metroids in the video game series Metroid?,video-games,They can suck out your life energy.,They can suck out your life energy.,They can kill by physical contact.,They can create lifelike illusions.,They can kill by eye contact.
367,Which of these is not an upgrade Samus receives in the Metroid game series?,video-games,Grenade Launcher,Grenade Launcher,Morph Ball,Missile Launcher,Grapple Beam
368,"In the Metroid video game series, what species created the suit and most of the upgrades available to Samus?",video-games,The Chozo,The Lords of Science,The Chozo,The Luminoth,The X
369,Which of these is not an ability available to Samus while in Morph Ball Mode of the Metroid video game?,video-games,Phazon Bomb,Phazon Bomb,Bomb,Power Bomb,Boost Ball
370,"Naruto was first published in 1999, in this magazine.",video-games,Weekly Shonen Jump,Weekly Shonen Run,Weekly Shonen Jump,Monthly Shonen Jump,None of these
371,Who is the only female Akatsuki member in the Naruto manga series?,video-games,Konan,Jugo,Madara,Kanan,Konan
372,Who is the first ninja recruited for the fictional team Hawk?,video-games,Suigetsu Hozuki,Suigetsu Hozuki,Shunsuke Sakuya,Sasuke Uchiha,Akeno Watanabe
373,Namikaze Sateraito is the opening song for the first 22 episodes of which Naruto season?,video-games,1,1,7,6,8
374,Orochimarus Curse is the title of which volume of the Naruto manga?,video-games,7,5,6,7,4
376,What can you wield after the Monkey Madness Quest in RuneScape?,video-games,Dragon Scimitar,Dragon Scimitar,Dragon Spear,Dragon Halberd,Dragon Longsword
378,Which of the following RuneScape defence armors is the best?,video-games,Veracs (full),Dragon (full),Guthans (full),Dharoks (full),Veracs (full)
379,When was the first version of RuneScape released to the public?,video-games,January 4th 2001,"July 4th, 2003",Febuary 8th 1998,January 4th 2001,June 5th 2001
382,What was RuneScape originally named?,video-games,DeviousMUD,DeviousMUD,Runeworld,DeviousWOF,RuneLand
383,What is the name of the evil god in RunesSape whose rival is Saradomin?,video-games,Zamorak,Guthan,Guthix,Dharok,Zamorak
385,What weapon do you wield after the Regicide Quest in RuneScape?,video-games,Dragon hally,Dragon hally,Flaming sword of death,Dragon longsword,Dagon scimitar
386,"Ash Ketchum, the main protagonist in the PokÃ©mon anime, is loosely based on what other character?",video-games,Red,Blue,Green,Red,Yellow
387,In what way can you evolve the Pokemon Gilgar into Gliscor in the Diamond and Pearl Pokemon series for Nintendo DS?,video-games,none of these,none of these,train it at night,Trade it while holding a razor fang,trade it
389,Which of the following is not a game in The Last Half of Darkness series?,video-games,The Last Half of Darkness: New Ways to Die,The Last Half of Darkness 3,The Last Half of Darkness: Shadows of the Servants,The Last Half of Darkness VGA,The Last Half of Darkness: New Ways to Die
390,Which of these is not the title of an actual PC game?,video-games,Last Warrior of Orion,Power Rangers Time Force,Last Warrior of Orion,Master of Magic,Archon Ultra
391,Which of the following is part of the game Archon Ultra?,video-games,Valkyrie,Valkyrie,Black Knight,Witch,Orc
393,Which of these horror movie based games isnt a PC game?,video-games,Blade,The Mist,Alien Trilogy,Blade,Clive Barkers Undying
394,Which of these games was not developed by New World Computing?,video-games,X-COM: UFO Defense,Heroes of Might and Magic,Planets Edge,Might and Magic,X-COM: UFO Defense
395,Which of the following is not an adventure game?,video-games,Raptor: Call of the Shadows,Dragon Lore: The Legend Begins,Raptor: Call of the Shadows,The Nine Lives of the Secret Agent Katt,7th Guest
396,What type of game is Power Rangers Time Force?,video-games,All of these,All of these,3D Action game,Mini-game collection,2D Side-scroller
397,Who created the game Last Half of Darkness?,video-games,William R. Fisher III,Brian Moriarty,Bill Gates,William R. Fisher III,Roberta Williams
398,Which of the following is not a real role-playing game?,video-games,Last Guardian,Albion,Dungeon Master,Last Guardian,Bloodnet
399,What is the name of the evil dragon in RuneScape that players have to kill in the Dragon Slayer quest?,video-games,Elvarg,Elvarg,Delrith,Hector,Verac
400,"In the RuneScape game, on the Construction Skillcape emote, the character performing the emote does which of the following?",video-games,Builds a small house around himself,Builds a small house around himself,Hammers down nails on a board,Makes a workbench with a saw,Builds a bridge
404,What was the reward in RuneScapes 2008 Easter Seasonal Event?,video-games,a chocatrice cape that turns you into a wrapped egg,a chocolate sword that you can eat off of 3 times a day healing 10hp,a chocatrice cape that turns you into a wrapped egg,Easter bunny ears that make your speed increase,a giant cookie
406,"To start the Demon Slayer Quest in RuneScape, you must talk to which one of these?",video-games,The Gypsy,a dwarf,The Gypsy,Sir Vyrinn,The duke of Lumbridge
407,In what RuneScape quest do you have to use a friend from the opposite gang?,video-games,Shield of Arrav,Dragon Slayer,Shield of Arrav,Vampire Slayer,Romeo and Juliet
408,"In the game Super Mario Kart, how many coins do you receive for placing 1st in a single race?",video-games,9,15,9,10,12
410,"In the game Super Mario Kart, what does the mushroom item do to the racer?",video-games,gives the racer a short burst of speed,poisons the racer so they cant steer correctly,gives the racer a short burst of speed,makes the racer large to run over other racers,slows the racer so they dont go as fast
411,"All of the following cups are in the game Super Mario Kart, except which one of these?",video-games,Lightning cup,Star cup,Mushroom cup,Special cup,Lightning cup
413,"In the Flower cup, in the game Super Mario Kart, on which track do you start?",video-games,Choco Island,Donut Plains 2,Choco Island,Koopa Beach 1,Mario Circuit 1
416,"All of the following are items used in the game Super Mario Kart, for the Super NES, except which one of the following?",video-games,blue shell,coins,banana peel,ghost,blue shell
417,"On the Nintendo 64 version of Mario Kart, Wario replaced which of the following playable characters from the Super NES version?",video-games,Koopa Troopa,Princess Peach,Koopa Troopa,Donkey Kong,Yoshi
419,How many of the following Power Rangers games are for PC: Power Rangers; Power Rangers: Lightspeed Rescue; Power Rangers: Super Legends; Power Rangers Zeo Versus the Machine Empire; Power Rangers: Ninja Storm Double Pack?,video-games,5,5,4,2,1
420,"Excluding collections, how many Might and Magic games were released from 1986 to 2002?",video-games,11,11,9,10,7
421,"In Might and Magic 8, which of these classes are unselectable for the main character?",video-games,Dragon,Vampire,Dark Elf,Knight,Dragon
423,In which of these games does the player take the role of Kirt?,video-games,Shadowcaster,Marvel: Ultimate Alliance,Quest for Glory,Freedom Force,Shadowcaster
424,Which of these games is rogue-like?,video-games,Ancient Domains of Mystery,Neverwinter Nights,Baldurs Gate,The Elder Scrolls 4 Obvilion,Ancient Domains of Mystery
425,How many races are there in Star Wars: Galactic Battlegrounds? (With expansion),video-games,8,12,7,8,6
426,What do you transform into in stage 4 of Altered Beast?,video-games,Weretiger,Werewolf,Werebear,Weredragon,Weretiger
427,Which of these games isnt an action/adventure hybrid?,video-games,Grand Theft Auto,Grand Theft Auto,Kings Quest: Mask of Eternity,The Nine Lives of the Secret Agent Katt,The Adventures of Maddog Williams
428,Who is the protagonist of the PC game Blood?,video-games,Caleb,Ellen Ripley,Hugo,Blake Stone,Caleb
429,Which of these isnt a game from the Hugo series?,video-games,Hugos Castle of Death,Hugos Castle of Death,Hugos House of Horror,Nightmare 3D,Whodunit?
430,Name the odd game.,video-games,Archon,The Terminator,Doom,Twilight 2000,Archon
431,Which of these games was not developed by Blizzard?,video-games,Hammer of the Gods,Blackthrone,Diablo,The Lost Vikings,Hammer of the Gods
432,Which of these games was developed by New World Computing?,video-games,Planets Edge,Pizza Tycoon,Planets Edge,Blackthrone,One Must Fall 2097
433,Which of these isnt a Sega collection for PC?,video-games,Sega Genesis Collection,Sega Genesis Collection,Sonic 3 and Knuckles,Sega Smash Pack,Sonic Adventure DX: Directors Cut
434,"In the Nancy Drew conputer games, Nancy Drews trusty sidekicks are cousins George Fayne and this slightly plump blonde.",video-games,Bess,Jenny,Beth,Bess,Tess
435,These two detective brothers appear several times in the Nancy Drew computer games to help Nancy solve mysteries.,video-games,Frank and Joe,Frank and Joe,Frank and Moe,Fred and Joseph,None of these
436,What was the very first Nancy Drew computer game?,video-games,Secrets Can Kill,Treasure in the Royal Tower,Secrets Can Kill,Message in a Haunted Mansion,Secret of the Old Clock
437,What did Nancy Drew find along with a message in the computer game Message in a Haunted Mansion?,video-games,A shark tooth,A piece of glass,A bat wing,She did not find anything along with the note.,A shark tooth
438,In which of these computer games did Nancy Drew wake up in the middle of the night because of a nightmare?,video-games,Ghost of Blackmoor Manor,Creature of Kapu Cave,Secrets Can Kill,She never had a nightmare.,Ghost of Blackmoor Manor
439,"Which of these characters appears in the Nancy Drew computer game Lights, Camera, Curses!?",video-games,Molly McOwens,Rick Arlen,None of these,Molly McOwens,Sally McDonald
440,"In the computer game Warnings at Waverly Academy, what was pictured on Nancy Drews cabin door?",video-games,"Mr. Mingles, the cat","Mr. Mingles, the cat",A butterfly with you and your roommates names in it,it was blank,The Waverly Academy crow
441,"Rick Arlen is known as an arrogant television star from Stay Tuned for Danger, but his picture appears in what place in another Nancy Drew game?",video-games,In a briefcase,His picture never appears in another game,In a briefcase,In a bottle,In a bedside picture frame
444,"In the Nancy Drew computer game Ghost Dogs of Moon Lake, what is the rangers last name?",video-games,Smith,Smith,Wilkinson,Madison,His last name was never revealed
445,"When you first start Wonderland Online, where do you find yourself?",video-games,On a ship,On a ship,On an island,On a dock,In a volcano
446,"When your raft gets washed up, what is the place it lands (for the first time) in the game Wonderland Online?",video-games,Starter Beach,Beginners Island,Tutorial Ridge,Starter Beach,Newbie Point
447,Which one of these is not a jelly monster you can find on North Island in the game Wonderland Online?,video-games,Pear,Pineapple,Pear,Kiwi,Grape
448,"In Wonderland Online, which of these makes your level go up?",video-games,Killing monsters,Killing monsters,Fishing,Setting up shops,Compounding items
451,What game starts when you talk to some fierce rabbits at Kelan Village in Wonderland Online?,video-games,Reaction,Operation,Situation,Conversation,Reaction
452,What does a mermaid at North Island ask you to fetch for her as a quest in the game Wonderland Online?,video-games,A shell,Her true love,Her will,A message in a bottle,A shell
453,How many characters in Super Smash Bros Brawl have the Final Smash Attack of Landmaster?,video-games,3,none,3,2,4
454,How many characters are there at the beginning of Super Smash Bros Brawl?,video-games,20,19,15,21,20
455,How many Super Smash Bros Brawl characters have 2+ characters in their team?,video-games,5,6,5,4,3
456,How many bosses are there in Subspace Emissary in Super Smash Bros Brawl?,video-games,8,10,9,8,5
457,What are the bosses in the first Metroid game?,video-games,"Ridley, Kraid, Mother Brain","Alpha Metroid, Gamma Metroid, Zeta Metroid, Omega Metroid, Queen Metroid","Ridley, Mother Brain, Queen Metroid","Ridley, Kraid, Mother Brain","Ridley, Kraid, Queen Metroid"
458,Chronologically what is the last boss Samus has faced in the Metroid series?,video-games,Omega Metroid,Omega Metroid,Queen Metroid,Mother Brain,Aurora Unit 313
459,In Metroid Prime 3: Corruption Samus fights Meta Ridley while falling down which of the following?,video-games,Generator Shaft,Elevator Shaft,Generator Shaft,Ventilation System,Garbage Disposal
460,Why is Phatoons eye his weak point in the Metroid series?,video-games,His eye is the only thing that connects him to the material world.,He will run away if blinded.,His eye is the only thing that connects him to the material world.,His eye is his only weapon.,It is unknown.
461,The Pinnacle of Project Helix is what kind of Phazon Infused Space Pirate?,video-games,Omega Pirate,Berserker Lord,Berserker Knight,Omega Pirate,Elite Pirate
464,What is Nightmares main weapon in the Metroid series?,video-games,Multi-laser system,Gravity Manipultain Device,Phazon Cannons,The ability to create hallucinations,Multi-laser system
466,Where does the first game of the Crysis series take place?,video-games,Lingshan Islands,Mars,Caribbean Islands,Lingshan Islands,North Korea
467,"Of the Crysis characters below, who is not a member of Raptor Team?",video-games,Alcatraz,Psycho,Alcatraz,Aztec,Prophet
468,What Crysis character founded C.E.L.L?,video-games,Jacob Hargreave,Jacob Hargreave,Dr. Gould,Tara Strickland,Major Lockhart
469,Which city is not a Ceph point of interest in the Crysis game series?,video-games,Paris,London,Paris,Cairo,Hawaii
471,What is the Typhoons Rate of Fire in the Crysis games?,video-games,500 Rounds Per second,500 Rounds per minute,720 Rounds per second,"None, the Typhoon fires a beam that you must focus on the target",500 Rounds Per second
475,What year was Crysis character Jacob Hargreave born?,video-games,1896,1967,1896,2001,1919
476,Which map is considered as a remake of the much loved Halo 3 map Valhalla?,video-games,Ragnarok,Exile,Haven,Vortex,Ragnarok
478,What are the only two weapons you can use in Grifball in Halo 4 Multiplayer?,video-games,Gravity Hammer and Energy Sword,Gravity Hammer and Energy Sword,Sniper Rifle and Binary Rifle,Rocket Launcher and Incinerator Canon,Storm Rifle and Supressor
479,What is the award you get for infecting every player in Flood mode in Halo 4 Multiplayer?,video-games,Gravemind,Hunter,Gravemind,Floodifier,Flood Master
482,On what ship does the Halo 4 Multiplayer take place?,video-games,UNSC Infinity,UNSC Pillar of Autumn,UNSC Infinity,UNSC Spirit of Fire,None
484,What is the Promethean pistol called in Halo 4?,video-games,Boltshot,Hardlight Pistol,Plasma Pistol,Light Pistol,Boltshot
485,Which armor ability allows the user to see through walls in Halo 4?,video-games,Promethean Vision,Advanced Vision googles,Promethean Vision,X-ray Vision,Heat Scanner
486,What happens when you die in the 2006 Runescape Halloween Event?,video-games,The Grim Reaper comes to claim your body.,You burst into flames of different colors.,The Grim Reaper comes to claim your body.,Saradomin reincarnates your body after you die.,nothing
490,When were Runescape Bots introduced?,video-games,January 2001,September 2001,January 2001,May 1997,January 1997
491,How many sub-quests are there in the quest Recipe for Disaster?,video-games,10,six,91,5,10
492,"The King Black Dragon was the highest level monster in Runescape until 7 September 2004, when it was replaced by which of the following?",video-games,The Kalphite Queen,Mithril Dragon,Dust Devil,None of these,The Kalphite Queen
495,Which of these RuneScape weapons is the most powerful?,video-games,Ahrims staff,Ancient staff,Sardomin staff,Iban staff,Ahrims staff
496,Which of these is the best type of RuneScape weapon for non members?,video-games,Dragon,Rune,Granite,Barrow,Dragon
497,Which of these RuneScape quests is the most difficult?,video-games,Monkey Madness,Final Showdown of Death,Prince Ali Rescue,Monkey Madness,Dragon Slayer
501,Which of the following is not a place in RuneScape?,video-games,Duel Wars,Bounty Hunter,Duel Wars,Castle Wars,Clan Wars
502,Name the female character and one of the four survivors in LFD1.,video-games,Zoey,Marylin,Zoey,Roxanne,Mimi
503,What is the main difference between LFD1 and LFD2 in regard to use of weapons?,video-games,In LFD1 there are no melee weapons like the ax or the machete.,In LFD2 you can use a flame thrower.,In LFD1 there are no melee weapons like the ax or the machete.,In LFD1 there are no pipe bombs.,In LFD2 you can throw hand grenades.
507,Name the fictional government agency or organization that was supposed to fight the infection and evacuate people from infected areas in LFD.,video-games,CEDA,CEDA,UNSC,PETA,USAA
508,In LFD2 the Parish campaign takes place in this city.,video-games,New Orleans,Savannah,Miami,Atlanta,New Orleans
509,What is the name of fictional band featured in LFD2?,video-games,The Midnight Riders,The Runarounds,The Rockabillies,Stagnant Water,The Midnight Riders
510,What pestilence or disease caused people to turn into zombies and deformed some of them into super mutants in LFD?,video-games,The green flu,Swines disease,The mutant virus,Nuclear malaria,The green flu
511,What is the name of the race car driver encountered in the Dead Center campaign of LFD2?,video-games,Jimmy Gibbs Jr.,Hank Buffet,Speedy Weedy,Jimmy Gibbs Jr.,Herb Gonzales
512,In LFD1 the achievement known as Do Not Disturb is awarded for which of the following?,video-games,Sneaking past all Witches in a campaign without disturbing one,Not interrupting a fellow survivor when he is busy shooting at one of the zombies,Not waking up your fellow survivors while they are sleeping in the safehouse,Not disturbing a zombie while its eating someone,Sneaking past all Witches in a campaign without disturbing one
513,In LFD2 the achievement known as the CHAIN OF COMMAND is awarded for which of the following?,video-games,Killing 100 Common Infected with the chainsaw,Tying up one of the special infected with some chain,Using a chainsaw to cut through some dense brush,Killing 100 Common Infected with the chainsaw,Whipping one of the zombies with a piece of chain
516,What unique Zord do the Time Force Rangers have?,video-games,Time Shadow,Time Shadow,Last Time,Time Knight,Dark Time
517,"Zelda, featured in The Legend of Zelda series of video games, is what kind of character?",video-games,The princess,The main villain,The old lady,The princess,The elfin hero
518,What is the currency used in the Legend of Zelda video game series?,video-games,Rupees,Coins,Triangles,Rings,Rupees
519,Which of these is not a race featured in the Legend of Zelda video games?,video-games,Hobbit,Zora,Hylian,Hobbit,Rito
520,Which of these items is always in Links arsenal in the Legend of Zelda games?,video-games,Boomerang,Boomerang,Wand of Gamelon,Hookshot,Magic cape
521,In The Legend of Zelda series of video games Zelda possesses which piece of the Triforce?,video-games,Wisdom,Power,Wisdom,All of them,Courage
524,Which of the following characters is NOT a sidekick in Super Mario Strikers?,video-games,Paratroopa,Paratroopa,Birdo,Toad,Hammer bros.
525,In Mario Superstar Baseball what do you have to you use to unleash your characters super pitch?,video-games,A star,A heart,A fire flower,A star,A credit
527,What is Luigis power shot in Mario Power Tennis?,video-games,A hammer,He sucks the ball with a vacuum.,He jumps really high and slams the ball.,A hammer,A super big tennis racket
529,What is the most basic court in Mario Power Tennis?,video-games,Peach Dome,Mario Mansion,Peach Palace,Peach Dome,Mario Yard
531,Which one of these game systems was released by Nintendo?,video-games,snes,Playstation,None of these,snes,Xbox
535,Which of these games was not released by Nintendo?,video-games,Assassins Creed,Warioware,Mario Galaxy,Assassins Creed,Star Fox
536,Which Super Smash Bros. Melee character can be unlocked by defeating the 10-minute melee?,video-games,Falco,Falco,Jigglypuff,Roy,Mr. Game and Watch
537,Which character in Super Smash Bros. Melee can be unlocked by beating the game with every character?,video-games,Mr. Game and Watch,Luigi,Falco,Mr. Game and Watch,Roy
538,Which character in Super Smash Bros. Melee did not have a grapple ability?,video-games,Zelda,Zelda,Young Link,Link,Samus
539,Which Pokemon character in Super Smash Bros. Melee damages itself by using its B button moves?,video-games,Pichu,Mewtwo,Jigglypuff,Pichu,Pikachu
540,Which character in Super Smash Bros. Melee is the final boss of the normal game (Classic Mode)?,video-games,Master Hand,Poorly Coordinated Hand,Crazy Hand,Master Hand,Power Hand
541,Which character in Super Smash Bros. Melee could jump more than once in midair?,video-games,Kirby,Peach,Meta Knight,Kirby,Yoshi
542,Which character in Super Smash Bros. Melee is unlocked by beating the game with a character from the same game?,video-games,Roy,Falco,Mewtwo,Roy,Captain Falcon
543,Which character in Super Smash Bros. Melee had the ability to pick up other characters and walk with them?,video-games,Donkey Kong,Ganondorf,Donkey Kong,Bowser,Mario
544,Which of the following game series featured the most Super Smash Bros. Melee characters?,video-games,Mario,Zelda,Mario,Star Fox,Pokemon
545,Which character in Super Smash Bros. Melee does not have a saving Up B button move?,video-games,Yoshi,Yoshi,Bowser,Dr. Mario,Peach
546,What is the name of the main character in the 2006 third-person shooter Gears of War?,video-games,Marcus Fenix,Marcus Fenix,Lt. Kim,Dominic Santiago,Baird
547,"In video game Gears of War, these creatures let loose loud piercing shrieks when they attack but are generally easy to kill.",video-games,Wretches,Wretches,Drones,Corpsers,Theron Guards
549,"In Gears of War, which of these creatures is blind, walks upright and hunts by smell?",video-games,Berserker,Drone,Corpser,Berserker,Wretch
551,What is the name of the Colonel who is in command according to the scenarios in Gears of War?,video-games,Hoffman,Raam,Cole,Hoffman,Santiago
552,"In the Gears of War game, which member of Alpha Team is first found fighting in a small courtyard, alone and taunting the Locust?",video-games,Cole,Cole,Baird,Rojas,Kim
553,Which difficulty setting can only be unlocked by completing Gears of War once on any difficulty?,video-games,Insane,Normal,Casual,Insane,Hardcore
555,Which of these dragons is the strongest in the Runescape game?,video-games,Black Dragon,Red Dragon,Blue Dragon,Black Dragon,Green Dragon
556,Which of these Runescape creatures drops a Dragon 2H Sword?,video-games,Chaos Elemental,Mithral Dragon,King Black Dragon,Chaos Elemental,Calphite Queen
557,What is the name of the city in Runescape that you unlock after the Lost City Quest?,video-games,Zanaris,Falador,Zanaris,Catherbys,Camalot
558,Which of these is the postal service in Runescape?,video-games,RPDT,NYER,LPOG,LAPD,RPDT
560,How many forms does the Calphite Queen have in the game Runescape?,video-games,2,5,4,2,3
561,Which of these pets can you own in Runescape?,video-games,Kitten,Hamster,Kitten,Dog,Bird
564,Which persona from the Killer7 game is the one with the Scope on his/her Automatic?,video-games,Kaede,Harman,Con,Dan,Kaede
565,"In Killer7, what is the character Con Smithsâ age?",video-games,14,17,14,It is not stated.,25
566,"Which voice-over actress, who has also done voices for Nickelodeon, is the voice of Kaede in Killer7?",video-games,Tara Strong,Debby Derryberry,Tara Strong,Lacey Chabert,E.G Daily
567,What is the name of character Iwazarus ex-wife in the action/adventure game Killer7?,video-games,Mizaru,Mizaru,None of the above,Mizaro,Mizari
568,"In the game Killer7, what is the name of Harmans maid?",video-games,Samantha,Susan,Suzie,Polly,Samantha
569,The only time you can use the save feature in Killer7 is when character Samantha is in what costume?,video-games,Maid uniform,Tight black overall,Normal clothing,Evening gown,Maid uniform
570,What was Mask De Smithâs profession before coming apart of the killersâ team in Killer7?,video-games,Professional wrestler,Costume artist,Professional boxer,Bodyguard,Professional wrestler
571,"In the action/adventure Killer7, who is the only informant able to contact the Killer7 team?",video-games,Christopher Mills,Kun Lan,Christopher Mills,Heaven Smile,Travis
572,"Besides your Avatar, what other characters can you get at the beginning of the game Baldurs Gate II: Shadows of Amn?",video-games,"Imoen, Jahiera, Minsc","Imoen, Jahiera, Minsc","Aerie, Jahiera, Jan","Khalid, Jahiera, Minsc","Valygar, Jahiera, Minsc"
573,Where can you get the gauntlets of ogre power in the game Baldurs Gate II: Shadows of Amn?,video-games,The Planar Sphere,The Shadow thieves cellar,The Temple ruins,The Planar prison,The Planar Sphere
574,What ranger can you save in the game Baldurs Gate II: Shadows of Amn by defeating the Shadow lord in the ruin temple?,video-games,Merella,Merella,Valygar,Minsc,Drizzt
575,"What organization takes Imoen from you, after you escape the first level in the game Baldurs Gate II: Shadows of Amn?",video-games,The Cowled Wizards,The Athkatla Guard,The Emerald warriors,The Shadow Thieves,The Cowled Wizards
576,Who kidnaps Nalia in the game Baldurs Gate II: Shadows of Amn?,video-games,Isaea Roenal,Isaea Roenal,Jon Irenicus,Corieg Axehand,Stumpy Ironfoot
577,"In the 2007 RuneScape Easter special, what item or items do you earn by helping the Easter bunny?",video-games,A chicken suit,An egg that you eat that brings you up one level,A chicken suit,A bunny suit,A ring that transforms you into an egg
578,What two special benefits do RuneScape members get?,video-games,special tree logs and special locations,rainbow boots and fighting boots,special money and no extra lands,special tree logs and special locations,you can kill demons and go to the barbarian village
581,"On a non-member world in RuneScape, how many places can you travel to on the ship in Port Sarim?",video-games,1,3,6,1,4
582,What animal is Santa on the 2005 RuneScape Christmas special?,video-games,wolf,polar bear,wolf,reindeer,penguin
583,What is the name of the dog the main character is trying to save in the Dogs Life video game?,video-games,Daisy,Butter,Jesse,Daisy,Katie
584,What changes on the dog every time you go to a different Poodle Parlour in the video game Dogs Life?,video-games,his collar,his attitude,the markings on his coat,his collar,his leash
585,At what location do you first have to run away from the dog catcher in the Dogs Life video game?,video-games,Village center,Boom City Park,Lake Minniwahwah Cafe,Village center,Farmhouse
586,"When you pick up scents in the game Dogs Life, which of the following is not part of a competition with another dog?",video-games,Barking competition,Marking territory,Barking competition,Digging holes,Doing tricks
587,What are the names of Miss Peaches henchmen in the Dogs Life game?,video-games,Wayne and Dwayne,Wayne and Dwayne,Bob and Rob,Ryan and Bryan,John and Ron
588,"In the Dogs Life video game, what challenge do the purple scents start?",video-games,Collect them all before time runs out,Obtain more territory than the other dog,Dig holes faster than the other dog,Collect them all before time runs out,Get all the food before the other dog does
589,"What improves your speed, stamina, and health in the game Dogs Life?",video-games,bones,bones,washing,people,collars
590,Which of the following is NOT found at the grooming parlour in the video game Dogs Life?,video-games,shaver,scissors,shower head,shaver,a sponge
591,How many places can you go to by train in the Dogs Life game?,video-games,3,3,5,50,7
592,What is the name of the radio show in the game Dogs Life?,video-games,The Loud Brothers Live,Lake Minniwahah Chat,Miss Peaches Radio Show,"Blues, Smooths, and Clues Live",The Loud Brothers Live
593,What button do you press to dig in Dogs Life (PS2)?,video-games,Circle,Cross,Square,Triangle,Circle
594,What color is Miss Peaches hair in the video game Dogs Life?,video-games,Orange,Orange,Brown,Blonde,Black
595,Where is the Lucky 7s Machine located in the game Dogs Life?,video-games,Lake Minniwahwah Cafe,Lake Minniwahwah Slopes,Lake Minniwahwah Hotel,Lake Minniwahwah Mountain Top,Lake Minniwahwah Cafe
596,"In the Dogs Life video game, what is the name of the group of bandits at Boom City?",video-games,The Sleeping Bandits,The Sleeping Bandits,The Danger Bandits,The Ruthless Bandits,The Masked Bandits
597,What color is the jacket the girl wants you to get from the ski slopes in the video game Dogs Life?,video-games,yellow,black,white,yellow,red
598,"In the Dogs Life video game, what does the girl NOT ask you to bring to make her snowman?",video-games,a scarf,a scarf,a hat,twigs,coal
